_id,_depart,_departLane,_departPos,_departSpeed,_departDelay,_arrival,_arrivalLane,_arrivalPos,_arrivalSpeed,_duration,_routeLength,_waitingTime,_waitingCount,_stopTime,_timeLoss,_rerouteNo,_devices,_vType,_speedFactor,_vaporized
veh13,33.00,4937070#0_1,1.49,0.00,0.32,100.00,326772508#2_0,82.72,14.24,67.00,778.28,0.00,0,0.00,10.38,1,vehroute_veh13 tripinfo_veh13 routing_veh13 fcd_veh13,veh_passenger,1.05,
veh3,8.00,55668397_0,5.10,0.00,0.46,107.00,-192108787#0_0,18.48,8.76,99.00,1111.72,0.00,0,0.00,14.11,1,vehroute_veh3 tripinfo_veh3 routing_veh3 fcd_veh3,veh_passenger,1.08,
veh21,53.00,-150800557#1_0,0.41,0.00,0.22,144.00,-40260272#2_0,1.81,3.30,91.00,750.31,12.00,2,0.00,39.42,1,vehroute_veh21 tripinfo_veh21 routing_veh21 fcd_veh21,veh_passenger,1.16,
veh12,31.00,-20485040#11_0,5.10,0.00,0.84,149.00,-22566798#1_0,139.56,13.50,118.00,1211.42,10.00,1,0.00,29.65,1,vehroute_veh12 tripinfo_veh12 routing_veh12 fcd_veh12,veh_passenger,1.03,
veh34,86.00,627577866#1_0,5.10,0.00,0.54,153.00,13904645#2_0,34.12,8.42,67.00,686.71,3.00,1,0.00,14.82,1,vehroute_veh34 tripinfo_veh34 routing_veh34 fcd_veh34,veh_passenger,1.15,
veh2,6.00,3936652#2_0,5.10,0.00,0.97,163.00,37747503#1_1,74.05,13.23,157.00,1196.44,34.00,4,0.00,65.56,1,vehroute_veh2 tripinfo_veh2 routing_veh2 fcd_veh2,veh_passenger,1.01,
veh1,3.00,-4539929#1_0,5.10,0.00,0.49,183.00,-3936650_0,143.67,7.29,180.00,1538.29,22.00,3,0.00,49.80,1,vehroute_veh1 tripinfo_veh1 routing_veh1 fcd_veh1,veh_passenger,0.94,
veh8,21.00,44069390#0_0,5.10,0.00,0.89,191.00,-112410779#1_0,54.37,7.12,170.00,1241.97,4.00,1,0.00,22.54,1,vehroute_veh8 tripinfo_veh8 routing_veh8 fcd_veh8,veh_passenger,0.94,
veh36,91.00,293281653#1_2,5.10,0.00,0.51,191.00,-4395775#4_0,18.19,9.73,100.00,1048.10,5.00,2,0.00,32.14,1,vehroute_veh36 tripinfo_veh36 routing_veh36 fcd_veh36,veh_passenger,1.17,
veh20,51.00,-3957136#0_0,5.10,0.00,0.73,198.00,-4541289#6_0,53.31,11.85,147.00,1168.42,0.00,0,0.00,17.85,1,vehroute_veh20 tripinfo_veh20 routing_veh20 fcd_veh20,veh_passenger,0.94,
veh52,131.00,140673637#2_0,5.10,0.00,0.30,205.00,-37692199#0_1,55.25,11.19,74.00,564.82,11.00,1,0.00,23.65,1,vehroute_veh52 tripinfo_veh52 routing_veh52 fcd_veh52,veh_passenger,0.85,
veh23,58.00,3708865#4_0,5.10,0.00,0.19,211.00,-7990020#1_0,19.71,7.12,153.00,1187.06,20.00,4,0.00,50.43,1,vehroute_veh23 tripinfo_veh23 routing_veh23 fcd_veh23,veh_passenger,1.01,
veh31,78.00,-528915436#0_0,5.10,0.00,0.08,213.00,-4395933#8_0,20.51,8.75,135.00,1132.30,12.00,3,0.00,51.42,1,vehroute_veh31 tripinfo_veh31 routing_veh31 fcd_veh31,veh_passenger,1.13,
veh18,46.00,50214631#2_0,0.20,0.00,0.76,215.00,306917253#1_0,0.20,6.87,169.00,1270.62,6.00,1,0.00,27.23,1,vehroute_veh18 tripinfo_veh18 routing_veh18 fcd_veh18,veh_passenger,0.88,
veh7,18.00,-39179549#0_0,5.10,0.00,0.41,217.00,317183888_0,13.01,11.20,199.00,1749.93,7.00,1,0.00,32.19,1,vehroute_veh7 tripinfo_veh7 routing_veh7 fcd_veh7,veh_passenger,0.89,
veh29,73.00,279585244#1_0,5.10,0.00,0.11,218.00,3785444#3_0,40.95,6.69,145.00,1121.90,6.00,1,0.00,29.93,1,vehroute_veh29 tripinfo_veh29 routing_veh29 fcd_veh29,veh_passenger,0.92,
veh19,48.00,3789703#0_2,4.44,13.08,0.24,220.00,-13904655_0,67.31,6.80,172.00,1232.01,27.00,2,0.00,49.42,1,vehroute_veh19 tripinfo_veh19 routing_veh19 fcd_veh19,veh_passenger,0.94,
veh15,38.00,23076537#0_0,5.10,0.00,0.30,221.00,85418338_0,7.38,8.28,183.00,2006.66,15.00,2,0.00,44.13,1,vehroute_veh15 tripinfo_veh15 routing_veh15 fcd_veh15,veh_passenger,1.12,
veh37,93.00,317183891#0_0,5.10,0.00,0.00,222.00,56007693#1_0,97.86,7.24,129.00,1138.53,18.00,2,0.00,39.12,1,vehroute_veh37 tripinfo_veh37 routing_veh37 fcd_veh37,veh_passenger,0.99,
veh38,96.00,111286353#2_0,5.10,0.00,0.49,226.00,-39117800#2_0,48.42,8.38,130.00,1051.63,6.00,2,0.00,28.14,1,vehroute_veh38 tripinfo_veh38 routing_veh38 fcd_veh38,veh_passenger,1.02,
veh39,99.00,998772221#2_2,0.20,0.00,0.97,230.00,147077493#2_0,91.50,6.98,131.00,816.03,15.00,1,0.00,35.62,1,vehroute_veh39 tripinfo_veh39 routing_veh39 fcd_veh39,veh_passenger,0.97,
veh24,61.00,-80448023#0_0,5.10,0.00,0.68,237.00,-38098902#4_0,25.85,7.84,176.00,1247.65,19.00,4,0.00,54.25,1,vehroute_veh24 tripinfo_veh24 routing_veh24 fcd_veh24,veh_passenger,0.97,
veh49,124.00,-233718299_0,5.10,0.00,0.84,238.00,128396776#2_0,30.91,8.29,114.00,933.62,0.00,0,0.00,14.99,1,vehroute_veh49 tripinfo_veh49 routing_veh49 fcd_veh49,veh_passenger,1.00,
veh22,56.00,-22820607#0_0,5.10,0.00,0.70,243.00,-4540066#3_0,60.43,8.25,187.00,1798.87,17.00,2,0.00,45.80,1,vehroute_veh22 tripinfo_veh22 routing_veh22 fcd_veh22,veh_passenger,1.02,
veh30,76.00,-39944037#1_0,5.10,0.00,0.60,243.00,-130294072#1_0,84.66,6.76,167.00,1187.89,28.00,4,0.00,57.01,1,vehroute_veh30 tripinfo_veh30 routing_veh30 fcd_veh30,veh_passenger,0.95,
veh33,83.00,37692490#1_0,5.10,0.00,0.06,244.00,1049698333#0_0,77.84,9.80,161.00,1446.38,14.00,3,0.00,54.63,1,vehroute_veh33 tripinfo_veh33 routing_veh33 fcd_veh33,veh_passenger,1.18,
veh28,71.00,928725821#3_0,5.10,0.00,0.62,246.00,3708838#2_0,34.84,6.32,175.00,1154.45,14.00,1,0.00,33.07,1,vehroute_veh28 tripinfo_veh28 routing_veh28 fcd_veh28,veh_passenger,0.87,
veh35,88.00,-4395858#5_0,5.10,0.00,0.03,247.00,-4215606#2_0,26.53,8.07,159.00,1200.33,12.00,2,0.00,37.02,1,vehroute_veh35 tripinfo_veh35 routing_veh35 fcd_veh35,veh_passenger,1.01,
veh27,68.00,-3708680#2_0,5.10,0.00,0.14,249.00,-8301214#0_0,32.79,6.25,181.00,1319.47,5.00,1,0.00,36.92,1,vehroute_veh27 tripinfo_veh27 routing_veh27 fcd_veh27,veh_passenger,0.83,
veh5,13.00,-128676689#1_0,5.10,0.00,0.43,250.00,-37865180#0_0,24.19,10.33,237.00,1951.29,24.00,3,0.00,55.41,1,vehroute_veh5 tripinfo_veh5 routing_veh5 fcd_veh5,veh_passenger,0.83,
veh25,63.00,-4395933#5_0,5.10,0.00,0.16,262.00,700758895#1_0,18.84,6.52,199.00,1587.21,21.00,4,0.00,56.63,1,vehroute_veh25 tripinfo_veh25 routing_veh25 fcd_veh25,veh_passenger,0.89,
veh72,181.00,128676689#0_0,5.10,0.00,0.03,269.00,160963287#4_0,15.63,6.38,88.00,573.38,1.00,1,0.00,14.71,1,vehroute_veh72 tripinfo_veh72 routing_veh72 fcd_veh72,veh_passenger,0.91,
veh45,114.00,83806428#1_0,5.10,0.00,0.89,273.00,52288972#1_0,65.23,8.23,159.00,1240.85,6.00,1,0.00,27.36,1,vehroute_veh45 tripinfo_veh45 routing_veh45 fcd_veh45,veh_passenger,1.09,
veh6,16.00,37692282#5_0,5.10,0.00,0.92,282.00,23102758#5_0,28.07,7.98,266.00,2268.63,35.00,6,0.00,79.85,1,vehroute_veh6 tripinfo_veh6 routing_veh6 fcd_veh6,veh_passenger,1.05,
veh43,109.00,-14047194#0_0,5.10,0.00,0.92,287.00,-83806426#4_0,72.12,13.75,178.00,1626.66,10.00,3,0.00,53.76,1,vehroute_veh43 tripinfo_veh43 routing_veh43 fcd_veh43,veh_passenger,1.03,
veh44,111.00,998772221#0_2,5.10,0.00,0.41,288.00,20485040#12_0,103.79,12.79,177.00,2063.11,0.00,0,0.00,20.83,1,vehroute_veh44 tripinfo_veh44 routing_veh44 fcd_veh44,veh_passenger,0.96,
veh4,11.00,12341247#4_0,5.10,0.00,0.95,289.00,-128912367_0,16.34,7.52,278.00,2463.56,37.00,5,0.00,83.74,1,vehroute_veh4 tripinfo_veh4 routing_veh4 fcd_veh4,veh_passenger,1.03,
veh40,101.00,-20485036#3_0,5.10,0.00,0.46,292.00,-13904661_0,37.84,9.35,191.00,1912.35,0.00,0,0.00,29.35,1,vehroute_veh40 tripinfo_veh40 routing_veh40 fcd_veh40,veh_passenger,1.18,
veh66,166.00,13904691#1_0,5.10,0.00,0.11,295.00,233037569_0,48.16,7.95,129.00,959.07,0.00,0,0.00,14.83,1,vehroute_veh66 tripinfo_veh66 routing_veh66 fcd_veh66,veh_passenger,1.02,
veh74,186.00,-39944039#2_0,3.37,0.00,0.00,297.00,-39117802#1_0,43.40,7.99,111.00,896.20,0.00,0,0.00,20.06,1,vehroute_veh74 tripinfo_veh74 routing_veh74 fcd_veh74,veh_passenger,1.02,
veh46,116.00,-11685019#0_0,5.10,0.00,0.38,299.00,384401180_1,15.88,14.02,183.00,1801.99,11.00,4,0.00,54.14,1,vehroute_veh46 tripinfo_veh46 routing_veh46 fcd_veh46,veh_passenger,1.04,
veh53,134.00,59433203#5_0,0.20,0.00,0.79,300.00,52879958_0,58.92,6.76,166.00,1233.07,3.00,2,0.00,27.75,1,vehroute_veh53 tripinfo_veh53 routing_veh53 fcd_veh53,veh_passenger,0.85,
veh0,0.00,372256216#1_0,5.10,0.00,0.00,306.00,-128396777#2_0,94.08,7.71,306.00,2597.94,52.00,7,0.00,115.26,1,vehroute_veh0 tripinfo_veh0 routing_veh0 fcd_veh0,veh_passenger,1.06,
veh58,146.00,-1008992999_1,5.10,0.00,0.22,311.00,-548793704#0_0,21.54,7.14,165.00,1448.54,13.00,3,0.00,48.10,1,vehroute_veh58 tripinfo_veh58 routing_veh58 fcd_veh58,veh_passenger,1.00,
veh16,41.00,-81982573#1_0,5.10,0.00,0.78,313.00,24450825#2_0,77.94,8.23,272.00,2263.60,31.00,4,0.00,71.45,1,vehroute_veh16 tripinfo_veh16 routing_veh16 fcd_veh16,veh_passenger,0.99,
veh67,169.00,-4395890_0,5.10,0.00,0.60,332.00,528916932_0,6.10,7.92,163.00,1315.91,0.00,0,0.00,20.97,1,vehroute_veh67 tripinfo_veh67 routing_veh67 fcd_veh67,veh_passenger,0.99,
veh77,194.00,-41565491#0_0,5.10,0.00,0.46,339.00,37747135#1_0,26.34,12.74,145.00,1294.59,13.00,2,0.00,30.10,1,vehroute_veh77 tripinfo_veh77 routing_veh77 fcd_veh77,veh_passenger,0.94,
veh32,81.00,-3809980#0_0,5.10,0.00,0.57,341.00,768702586#2_0,39.48,7.38,260.00,2007.31,22.00,2,0.00,63.22,1,vehroute_veh32 tripinfo_veh32 routing_veh32 fcd_veh32,veh_passenger,0.93,
veh17,43.00,4541289#4_0,5.10,0.00,0.27,342.00,35078322#3_1,22.41,6.93,299.00,2291.10,49.00,4,0.00,103.06,1,vehroute_veh17 tripinfo_veh17 routing_veh17 fcd_veh17,veh_passenger,0.93,
veh48,121.00,-4395933#5_0,5.10,0.00,0.35,343.00,3708838#2_0,34.84,8.30,222.00,2159.15,22.00,1,0.00,59.36,1,vehroute_veh48 tripinfo_veh48 routing_veh48 fcd_veh48,veh_passenger,1.09,
veh54,136.00,-48985674_0,5.10,0.00,0.27,343.00,3708681#3_0,33.28,9.05,207.00,2344.82,13.00,2,0.00,48.67,1,vehroute_veh54 tripinfo_veh54 routing_veh54 fcd_veh54,veh_passenger,1.17,
veh57,144.00,432565295#3_0,5.10,0.00,0.73,343.00,20485040#4_0,77.30,14.27,199.00,2203.54,14.00,1,0.00,43.18,1,vehroute_veh57 tripinfo_veh57 routing_veh57 fcd_veh57,veh_passenger,1.10,
veh73,184.00,-59433203#0_0,5.10,0.00,0.52,343.00,317149206_0,0.20,10.74,159.00,1379.02,23.00,3,0.00,54.49,1,vehroute_veh73 tripinfo_veh73 routing_veh73 fcd_veh73,veh_passenger,1.04,
veh68,171.00,12341254#1_0,5.10,0.00,0.08,354.00,-3809981#2_0,25.93,6.91,183.00,1452.05,21.00,3,0.00,49.81,1,vehroute_veh68 tripinfo_veh68 routing_veh68 fcd_veh68,veh_passenger,0.94,
veh51,129.00,52879958_0,5.10,0.00,0.81,355.00,-4395858#0_0,21.11,7.17,226.00,1898.76,12.00,2,0.00,39.55,1,vehroute_veh51 tripinfo_veh51 routing_veh51 fcd_veh51,veh_passenger,0.88,
veh82,207.00,-22566799#1_0,5.10,0.00,0.89,360.00,128396774#0_0,66.43,7.19,153.00,1166.03,16.00,3,0.00,39.29,1,vehroute_veh82 tripinfo_veh82 routing_veh82 fcd_veh82,veh_passenger,0.98,
veh10,26.00,-59433205_0,5.10,0.00,0.87,365.00,-354369976#6_0,5.71,5.85,339.00,2240.86,18.00,4,0.00,66.81,1,vehroute_veh10 tripinfo_veh10 routing_veh10 fcd_veh10,veh_passenger,0.86,
veh47,119.00,3785445#3_0,5.10,0.00,0.87,365.00,22820607#0_0,25.05,7.95,246.00,2348.35,29.00,4,0.00,73.29,1,vehroute_veh47 tripinfo_veh47 routing_veh47 fcd_veh47,veh_passenger,1.04,
veh42,106.00,4395775#1_1,5.10,0.00,0.43,372.00,12341248#0_0,1.77,7.40,266.00,2439.54,6.00,2,0.00,56.51,1,vehroute_veh42 tripinfo_veh42 routing_veh42 fcd_veh42,veh_passenger,0.90,
veh97,244.00,111286353#6_0,5.10,0.00,0.19,378.00,-13904706#4_0,25.99,7.97,134.00,1252.66,17.00,2,0.00,37.77,1,vehroute_veh97 tripinfo_veh97 routing_veh97 fcd_veh97,veh_passenger,1.02,
veh59,149.00,-128005879#2_0,5.10,0.00,0.70,380.00,67139158#0_0,44.31,7.77,231.00,1893.41,16.00,3,0.00,59.27,1,vehroute_veh59 tripinfo_veh59 routing_veh59 fcd_veh59,veh_passenger,1.00,
veh90,227.00,-4215667_0,5.10,0.00,0.79,380.00,64270039#1_1,20.10,8.41,153.00,1301.79,0.00,0,0.00,19.71,1,vehroute_veh90 tripinfo_veh90 routing_veh90 fcd_veh90,veh_passenger,1.15,
veh50,126.00,13904645#0_1,5.10,0.00,0.33,385.00,80479196_0,51.65,7.19,259.00,1971.75,28.00,2,0.00,63.29,1,vehroute_veh50 tripinfo_veh50 routing_veh50 fcd_veh50,veh_passenger,0.90,
veh61,154.00,-52321640#1_0,5.10,0.00,0.68,387.00,-13904706#2_0,15.92,8.42,233.00,2336.91,19.00,5,0.00,76.16,1,vehroute_veh61 tripinfo_veh61 routing_veh61 fcd_veh61,veh_passenger,1.14,
veh41,104.00,-231751868#5_0,0.20,0.00,0.95,392.00,360313819_0,140.78,8.65,288.00,2712.86,30.00,5,0.00,81.45,1,vehroute_veh41 tripinfo_veh41 routing_veh41 fcd_veh41,veh_passenger,1.10,
veh81,204.00,4396159#1_0,0.20,0.00,0.41,397.00,-3785444#0_0,25.81,7.49,193.00,1626.62,22.00,4,0.00,62.98,1,vehroute_veh81 tripinfo_veh81 routing_veh81 fcd_veh81,veh_passenger,1.03,
veh99,249.00,13904645#1_0,5.10,0.00,0.17,397.00,12341254#0_0,25.73,6.05,148.00,1047.43,0.00,0,0.00,15.93,1,vehroute_veh99 tripinfo_veh99 routing_veh99 fcd_veh99,veh_passenger,0.83,
veh75,189.00,-14047779#1_0,5.10,0.00,0.49,418.00,360319695#0_1,76.89,13.45,229.00,1731.01,19.00,5,0.00,59.70,1,vehroute_veh75 tripinfo_veh75 routing_veh75 fcd_veh75,veh_passenger,1.02,
veh93,234.00,998776255_0,5.10,0.00,0.25,426.00,48482641#0_0,79.94,7.92,192.00,1551.17,5.00,1,0.00,37.79,1,vehroute_veh93 tripinfo_veh93 routing_veh93 fcd_veh93,veh_passenger,1.04,
veh62,156.00,529166764#1_0,5.10,0.00,0.16,428.00,7990022#1_0,23.53,7.30,272.00,2540.05,15.00,4,0.00,61.39,1,vehroute_veh62 tripinfo_veh62 routing_veh62 fcd_veh62,veh_passenger,1.02,
veh64,161.00,-14047759#5_0,5.10,0.00,0.14,437.00,4215606#1_0,119.99,8.46,276.00,2437.75,22.00,3,0.00,88.04,1,vehroute_veh64 tripinfo_veh64 routing_veh64 fcd_veh64,veh_passenger,1.08,
veh76,192.00,-39944037#1_0,5.10,0.00,0.98,440.00,585819383#0_1,64.39,12.33,248.00,1939.85,48.00,7,0.00,97.75,1,vehroute_veh76 tripinfo_veh76 routing_veh76 fcd_veh76,veh_passenger,0.97,
veh78,197.00,-3818568#0_0,0.20,0.00,0.95,445.00,-30988146#3_0,35.59,8.73,248.00,2356.42,1.00,1,0.00,29.61,1,vehroute_veh78 tripinfo_veh78 routing_veh78 fcd_veh78,veh_passenger,1.06,
veh71,179.00,998772220#0_1,5.10,0.00,0.54,449.00,374695664#1_0,6.79,7.05,270.00,2570.16,13.00,3,0.00,53.04,1,vehroute_veh71 tripinfo_veh71 routing_veh71 fcd_veh71,veh_passenger,0.91,
veh79,199.00,673136293_0,5.10,0.00,0.44,452.00,296573594#1_0,0.88,7.92,253.00,1928.61,8.00,4,0.00,48.04,1,vehroute_veh79 tripinfo_veh79 routing_veh79 fcd_veh79,veh_passenger,0.96,
veh94,237.00,83806426#2_1,5.10,0.00,0.73,462.00,64270137#3_0,21.15,7.71,225.00,1726.84,40.00,3,0.00,89.59,1,vehroute_veh94 tripinfo_veh94 routing_veh94 fcd_veh94,veh_passenger,1.01,
veh85,214.00,913333123_0,5.10,0.00,0.35,463.00,-22566799#5_0,1.35,13.46,249.00,2171.19,38.00,5,0.00,82.42,1,vehroute_veh85 tripinfo_veh85 routing_veh85 fcd_veh85,veh_passenger,1.03,
veh60,151.00,530721238#1_0,3.86,0.00,0.19,466.00,46895350#2_0,1.12,6.45,315.00,2174.21,38.00,7,0.00,93.79,1,vehroute_veh60 tripinfo_veh60 routing_veh60 fcd_veh60,veh_passenger,0.90,
veh89,224.00,12341247#4_0,5.10,0.00,0.30,468.00,-4540070#1_0,34.79,7.80,244.00,1954.95,31.00,3,0.00,75.48,1,vehroute_veh89 tripinfo_veh89 routing_veh89 fcd_veh89,veh_passenger,0.97,
veh56,141.00,4215600_0,5.10,0.00,0.25,479.00,229119089_0,23.79,7.58,338.00,3036.16,18.00,3,0.00,56.51,1,vehroute_veh56 tripinfo_veh56 routing_veh56 fcd_veh56,veh_passenger,1.02,
veh84,212.00,39179549#3_0,5.10,0.00,0.87,479.00,37747500#5_0,7.08,8.25,267.00,2263.98,32.00,6,0.00,93.55,1,vehroute_veh84 tripinfo_veh84 routing_veh84 fcd_veh84,veh_passenger,1.09,
veh65,164.00,4215666#0_0,5.10,0.00,0.62,481.00,-306917251#1_0,24.34,8.40,317.00,3424.36,11.00,2,0.00,48.50,1,vehroute_veh65 tripinfo_veh65 routing_veh65 fcd_veh65,veh_passenger,1.12,
veh88,222.00,-3785444#0_0,5.10,0.00,0.81,484.00,135582840#1_0,19.25,8.36,262.00,2099.43,33.00,5,0.00,86.27,1,vehroute_veh88 tripinfo_veh88 routing_veh88 fcd_veh88,veh_passenger,1.02,
veh92,232.00,261557471#0_0,5.10,0.00,0.76,484.00,-13904675#5_0,79.46,8.04,252.00,2111.98,19.00,6,0.00,73.18,1,vehroute_veh92 tripinfo_veh92 routing_veh92 fcd_veh92,veh_passenger,1.00,
veh70,176.00,-37866821#2_1,5.10,0.00,0.06,490.00,-52321642#0_0,26.57,7.28,314.00,2729.10,25.00,2,0.00,64.38,1,vehroute_veh70 tripinfo_veh70 routing_veh70 fcd_veh70,veh_passenger,0.88,
veh80,202.00,13904682#3_0,5.10,0.00,0.92,504.00,4395692#0_0,44.16,7.09,302.00,2795.86,23.00,7,0.00,76.73,1,vehroute_veh80 tripinfo_veh80 routing_veh80 fcd_veh80,veh_passenger,0.98,
veh95,239.00,4937392#0_1,5.10,0.00,0.22,505.00,-3708865#2_0,17.03,13.62,266.00,2498.37,26.00,5,0.00,87.70,1,vehroute_veh95 tripinfo_veh95 routing_veh95 fcd_veh95,veh_passenger,1.02,
veh98,247.00,-81982573#2_0,5.10,0.00,0.68,529.00,915820852_0,74.63,12.18,282.00,2876.26,1.00,1,0.00,30.94,1,vehroute_veh98 tripinfo_veh98 routing_veh98 fcd_veh98,veh_passenger,0.89,
veh87,219.00,50214631#2_0,0.20,0.00,0.33,550.00,-4215666#2_0,7.58,8.03,331.00,3021.44,38.00,6,0.00,97.84,1,vehroute_veh87 tripinfo_veh87 routing_veh87 fcd_veh87,veh_passenger,1.00,
veh63,159.00,-162745568#2_0,5.10,0.00,0.65,587.00,14044836#2_0,89.56,7.05,428.00,3584.60,39.00,4,0.00,93.59,1,vehroute_veh63 tripinfo_veh63 routing_veh63 fcd_veh63,veh_passenger,0.97,
veh11,28.00,8045273#5_0,5.10,0.00,0.35,589.00,-563891693_0,31.54,14.43,561.00,4755.71,71.00,11,0.00,165.92,1,vehroute_veh11 tripinfo_veh11 routing_veh11 fcd_veh11,veh_passenger,1.09,
veh83,209.00,125814598_0,5.10,0.00,0.38,593.00,13904655_0,66.45,7.91,384.00,3197.36,49.00,5,0.00,113.54,1,vehroute_veh83 tripinfo_veh83 routing_veh83 fcd_veh83,veh_passenger,1.01,
veh91,229.00,130277328#1_1,0.20,0.00,0.27,593.00,52321639#0_0,73.18,7.33,364.00,2928.38,60.00,9,0.00,134.78,1,vehroute_veh91 tripinfo_veh91 routing_veh91 fcd_veh91,veh_passenger,0.98,
veh215,541.00,3708471#2_0,5.10,0.00,0.60,642.00,-4539928#2_0,38.80,7.82,101.00,894.88,6.00,1,0.00,23.10,1,vehroute_veh215 tripinfo_veh215 routing_veh215 fcd_veh215,veh_passenger,1.01,
veh232,584.00,-56007677_1,5.10,0.00,0.87,647.00,37747645#2_0,0.20,13.99,63.00,565.07,6.00,2,0.00,23.04,1,vehroute_veh232 tripinfo_veh232 routing_veh232 fcd_veh232,veh_passenger,1.02,
veh205,516.00,174092690_0,5.10,0.00,0.74,657.00,-13904675#4_0,8.90,7.44,141.00,1075.39,0.00,0,0.00,15.07,1,vehroute_veh205 tripinfo_veh205 routing_veh205 fcd_veh205,veh_passenger,0.91,
veh208,523.00,32117788#8_1,5.10,0.00,0.20,661.00,80448023#1_0,37.09,7.70,138.00,1068.94,14.00,3,0.00,43.30,1,vehroute_veh208 tripinfo_veh208 routing_veh208 fcd_veh208,veh_passenger,1.06,
veh219,551.00,-40260270#3_0,5.10,0.00,0.55,664.00,37866821#1_0,48.78,12.04,113.00,1038.28,6.00,1,0.00,30.96,1,vehroute_veh219 tripinfo_veh219 routing_veh219 fcd_veh219,veh_passenger,0.93,
veh201,506.00,37692492#0_0,0.20,0.00,0.79,684.00,-111286353#6_0,12.12,6.62,178.00,1563.25,18.00,2,0.00,50.02,1,vehroute_veh201 tripinfo_veh201 routing_veh201 fcd_veh201,veh_passenger,0.92,
veh228,574.00,497486086_0,0.20,0.00,0.93,687.00,80478293#1_0,4.42,8.19,113.00,989.23,9.00,2,0.00,32.71,1,vehroute_veh228 tripinfo_veh228 routing_veh228 fcd_veh228,veh_passenger,1.07,
veh234,589.00,13904673#1_0,5.10,0.00,0.85,689.00,-306917249_0,24.23,8.99,100.00,927.55,5.00,1,0.00,25.88,1,vehroute_veh234 tripinfo_veh234 routing_veh234 fcd_veh234,veh_passenger,1.15,
veh216,543.00,-14678786#1_0,5.10,0.00,0.09,693.00,-4540248#1_0,21.10,8.38,150.00,1707.33,0.00,0,0.00,19.37,1,vehroute_veh216 tripinfo_veh216 routing_veh216 fcd_veh216,veh_passenger,1.03,
veh206,518.00,-4215666#3_0,2.54,0.00,0.22,713.00,497486086_0,0.20,8.36,195.00,1797.73,17.00,3,0.00,60.32,1,vehroute_veh206 tripinfo_veh206 routing_veh206 fcd_veh206,veh_passenger,1.12,
veh243,611.00,-42293718#1_0,5.10,0.00,0.23,716.00,-160963287#2_0,41.95,9.24,105.00,754.93,19.00,3,0.00,52.08,1,vehroute_veh243 tripinfo_veh243 routing_veh243 fcd_veh243,veh_passenger,1.23,
veh204,513.00,-376394520#0_0,5.10,0.00,0.25,717.00,81982573#0_0,170.99,12.77,204.00,1883.33,13.00,3,0.00,45.26,1,vehroute_veh204 tripinfo_veh204 routing_veh204 fcd_veh204,veh_passenger,1.01,
veh222,558.00,11685178#0_1,2.17,0.00,0.01,717.00,-3792665_0,401.98,7.29,159.00,1305.68,0.00,0,0.00,20.60,1,vehroute_veh222 tripinfo_veh222 routing_veh222 fcd_veh222,veh_passenger,1.01,
veh249,626.00,-128396774#1_0,5.10,0.00,0.14,729.00,-354359921_1,176.09,14.31,103.00,935.34,15.00,1,0.00,31.09,1,vehroute_veh249 tripinfo_veh249 routing_veh249 fcd_veh249,veh_passenger,1.11,
veh202,508.00,41228866#3_0,5.10,0.00,0.28,731.00,4263428#1_0,34.10,13.87,223.00,1926.60,30.00,4,0.00,76.53,1,vehroute_veh202 tripinfo_veh202 routing_veh202 fcd_veh202,veh_passenger,1.09,
veh212,533.00,55814725#3_0,5.10,0.00,0.14,732.00,405364257#0_0,0.59,2.81,199.00,1579.78,21.00,4,0.00,54.83,1,vehroute_veh212 tripinfo_veh212 routing_veh212 fcd_veh212,veh_passenger,0.95,
veh223,561.00,12341238#0_0,5.10,0.00,0.49,732.00,585819382_1,23.83,13.91,171.00,1156.13,31.00,3,0.00,61.53,1,vehroute_veh223 tripinfo_veh223 routing_veh223 fcd_veh223,veh_passenger,1.10,
veh217,546.00,-44069390#0_0,5.10,0.00,0.58,742.00,-543359813#4_0,30.02,14.08,196.00,1580.95,24.00,3,0.00,54.02,1,vehroute_veh217 tripinfo_veh217 routing_veh217 fcd_veh217,veh_passenger,1.06,
veh229,576.00,11685178#4_0,5.10,0.00,0.41,742.00,41228866#3_0,29.06,6.81,166.00,1334.29,0.00,0,0.00,16.99,1,vehroute_veh229 tripinfo_veh229 routing_veh229 fcd_veh229,veh_passenger,0.94,
veh247,621.00,37692391#0_0,5.10,0.00,0.17,743.00,41592113#0_0,76.39,8.30,122.00,735.66,15.00,2,0.00,34.73,1,vehroute_veh247 tripinfo_veh247 routing_veh247 fcd_veh247,veh_passenger,1.00,
veh226,569.00,-83517075#1_0,5.10,0.00,0.95,745.00,-111286353#7_0,50.52,7.19,176.00,1524.79,22.00,4,0.00,61.95,1,vehroute_veh226 tripinfo_veh226 routing_veh226 fcd_veh226,veh_passenger,1.00,
veh235,591.00,360319695#0_0,5.10,0.00,0.33,756.00,-128676689#2_0,53.36,7.60,165.00,1295.69,27.00,4,0.00,64.54,1,vehroute_veh235 tripinfo_veh235 routing_veh235 fcd_veh235,veh_passenger,1.03,
veh246,619.00,37692282#6_0,5.10,0.00,0.68,758.00,4395609#0_0,32.52,11.95,139.00,889.09,23.00,4,0.00,50.83,1,vehroute_veh246 tripinfo_veh246 routing_veh246 fcd_veh246,veh_passenger,1.02,
veh210,528.00,3810573#2_0,0.20,0.00,0.17,766.00,140673640_0,22.43,7.19,238.00,2054.61,24.00,3,0.00,62.45,1,vehroute_veh210 tripinfo_veh210 routing_veh210 fcd_veh210,veh_passenger,0.96,
veh211,531.00,4541289#7_0,5.10,0.00,0.66,770.00,231751868#5_0,0.20,5.38,239.00,2396.33,21.00,3,0.00,56.22,1,vehroute_veh211 tripinfo_veh211 routing_veh211 fcd_veh211,veh_passenger,0.97,
veh231,581.00,128396777#2_0,5.10,0.00,0.39,776.00,-128680991#4_0,25.34,7.65,195.00,1513.77,32.00,4,0.00,67.89,1,vehroute_veh231 tripinfo_veh231 routing_veh231 fcd_veh231,veh_passenger,1.03,
veh218,548.00,231630881#0_0,5.10,0.00,0.06,782.00,-317697974_1,26.01,11.03,234.00,1990.75,31.00,4,0.00,79.50,1,vehroute_veh218 tripinfo_veh218 routing_veh218 fcd_veh218,veh_passenger,0.96,
veh213,536.00,13904690#1_0,5.10,0.00,0.63,790.00,-4395609#0_0,32.54,11.79,254.00,2006.79,38.00,5,0.00,78.04,1,vehroute_veh213 tripinfo_veh213 routing_veh213 fcd_veh213,veh_passenger,0.89,
veh227,571.00,-64270039#2_0,5.10,0.00,0.44,794.00,41592109_0,15.83,7.33,223.00,1874.11,2.00,1,0.00,31.84,1,vehroute_veh227 tripinfo_veh227 routing_veh227 fcd_veh227,veh_passenger,0.99,
veh203,511.00,-231630879_0,5.10,0.00,0.76,796.00,125822009#3_0,52.59,8.74,285.00,2680.04,17.00,3,0.00,67.50,1,vehroute_veh203 tripinfo_veh203 routing_veh203 fcd_veh203,veh_passenger,1.06,
veh224,564.00,317183888_0,5.10,0.00,0.98,796.00,37866821#3_0,24.24,12.43,232.00,1968.84,42.00,5,0.00,77.76,1,vehroute_veh224 tripinfo_veh224 routing_veh224 fcd_veh224,veh_passenger,0.92,
veh240,604.00,-3809981#1_0,5.10,0.00,0.77,797.00,-556290242#1_0,55.30,14.60,193.00,1198.04,65.00,5,0.00,106.80,1,vehroute_veh240 tripinfo_veh240 routing_veh240 fcd_veh240,veh_passenger,1.07,
veh225,566.00,49961185_0,5.10,0.00,0.47,803.00,42239606#1_0,68.30,9.39,237.00,1762.33,51.00,5,0.00,97.98,1,vehroute_veh225 tripinfo_veh225 routing_veh225 fcd_veh225,veh_passenger,1.18,
veh221,556.00,114208059#3_0,0.20,0.00,0.52,815.00,23076565#0_0,108.19,9.00,259.00,1851.75,81.00,4,0.00,121.11,1,vehroute_veh221 tripinfo_veh221 routing_veh221 fcd_veh221,veh_passenger,1.10,
veh241,606.00,41592120#2_0,0.61,0.00,0.25,823.00,-81982573#2_0,82.80,12.85,217.00,1658.46,15.00,6,0.00,58.80,1,vehroute_veh241 tripinfo_veh241 routing_veh241 fcd_veh241,veh_passenger,0.96,
veh245,616.00,998776256_0,5.10,0.00,0.20,824.00,-64270035#0_0,19.73,9.19,208.00,1730.84,12.00,2,0.00,42.95,1,vehroute_veh245 tripinfo_veh245 routing_veh245 fcd_veh245,veh_passenger,1.12,
veh220,553.00,3789703#0_0,4.44,12.03,0.04,843.00,-14047194#2_0,9.81,5.84,290.00,2568.67,18.00,5,0.00,61.18,1,vehroute_veh220 tripinfo_veh220 routing_veh220 fcd_veh220,veh_passenger,0.87,
veh238,599.00,-317127403#1_0,5.10,0.00,0.79,857.00,13904649#0_0,25.60,8.40,258.00,2141.84,32.00,4,0.00,77.29,1,vehroute_veh238 tripinfo_veh238 routing_veh238 fcd_veh238,veh_passenger,1.01,
veh207,521.00,13904648#0_0,5.10,0.00,0.71,860.00,4396064_0,116.39,8.54,339.00,2741.27,52.00,6,0.00,112.87,1,vehroute_veh207 tripinfo_veh207 routing_veh207 fcd_veh207,veh_passenger,1.10,
veh242,609.00,41565485#1_0,5.10,0.00,0.74,861.00,474506101#0_0,58.34,13.71,252.00,2543.52,1.00,1,0.00,41.30,1,vehroute_veh242 tripinfo_veh242 routing_veh242 fcd_veh242,veh_passenger,1.04,
veh237,596.00,-128676689#2_0,5.10,0.00,0.31,869.00,3708838#4_0,18.50,8.23,273.00,2295.12,37.00,6,0.00,95.79,1,vehroute_veh237 tripinfo_veh237 routing_veh237 fcd_veh237,veh_passenger,1.12,
veh244,614.00,-128005879#2_0,5.10,0.00,0.71,869.00,229119089_0,23.79,7.21,255.00,1465.15,58.00,3,0.00,88.34,1,vehroute_veh244 tripinfo_veh244 routing_veh244 fcd_veh244,veh_passenger,1.01,
veh248,624.00,7990020#3_0,5.10,0.00,0.66,872.00,-37865180#2_0,38.13,13.23,248.00,2298.62,28.00,4,0.00,62.51,1,vehroute_veh248 tripinfo_veh248 routing_veh248 fcd_veh248,veh_passenger,0.95,
veh239,601.00,-13904675#4_0,5.10,0.00,0.28,901.00,-81982573#2_0,82.80,13.33,300.00,2864.61,27.00,5,0.00,79.01,1,vehroute_veh239 tripinfo_veh239 routing_veh239 fcd_veh239,veh_passenger,1.03,
veh230,579.00,-39179549#0_0,5.10,0.00,0.90,919.00,-39117801#0_0,28.28,8.51,340.00,2712.44,63.00,7,0.00,128.22,1,vehroute_veh230 tripinfo_veh230 routing_veh230 fcd_veh230,veh_passenger,1.10,
veh236,596.00,1008992999_1,5.10,0.00,2.82,925.00,290533427#1_0,12.57,5.90,329.00,2224.48,45.00,8,0.00,109.03,1,vehroute_veh236 tripinfo_veh236 routing_veh236 fcd_veh236,veh_passenger,0.82,
veh361,908.00,-37747500#7_0,5.10,0.00,0.63,966.00,-740743747_0,8.24,12.18,58.00,410.60,1.00,1,0.00,11.65,1,vehroute_veh361 tripinfo_veh361 routing_veh361 fcd_veh361,veh_passenger,0.96,
veh214,538.00,4215666#0_0,5.10,0.00,0.12,983.00,174092690_0,113.40,8.04,445.00,4022.07,51.00,7,0.00,121.18,1,vehroute_veh214 tripinfo_veh214 routing_veh214 fcd_veh214,veh_passenger,1.07,
veh370,930.00,939035838_0,2.49,0.00,0.01,1008.00,632121623#0_1,30.16,15.70,78.00,840.42,5.00,1,0.00,18.39,1,vehroute_veh370 tripinfo_veh370 routing_veh370 fcd_veh370,veh_passenger,1.18,
veh357,900.00,-547766101#3_0,5.10,0.00,2.69,1026.00,83806428#0_0,61.79,13.84,126.00,971.76,31.00,3,0.00,55.51,1,vehroute_veh357 tripinfo_veh357 routing_veh357 fcd_veh357,veh_passenger,1.00,
veh356,895.00,13904645#1_1,5.10,0.00,0.20,1027.00,-52881850#0_0,10.23,7.02,132.00,1012.03,1.00,1,0.00,18.29,1,vehroute_veh356 tripinfo_veh356 routing_veh356 fcd_veh356,veh_passenger,0.89,
veh353,888.00,-55668406_0,5.10,0.00,0.74,1034.00,37866820_0,13.56,14.94,146.00,1506.63,23.00,2,0.00,42.11,1,vehroute_veh353 tripinfo_veh353 routing_veh353 fcd_veh353,veh_passenger,1.13,
veh359,903.00,917565357_0,5.10,0.00,0.66,1039.00,37692282#0_0,18.60,8.05,136.00,1131.97,12.00,3,0.00,33.25,1,vehroute_veh359 tripinfo_veh359 routing_veh359 fcd_veh359,veh_passenger,0.97,
veh233,586.00,114207515_0,5.10,0.00,0.36,1040.00,-3708681#5_0,90.96,7.91,454.00,3741.61,120.00,7,0.00,179.38,1,vehroute_veh233 tripinfo_veh233 routing_veh233 fcd_veh233,veh_passenger,1.06,
veh387,973.00,13904645#2_1,5.10,0.00,0.28,1048.00,-547766100#1_0,0.20,5.20,75.00,595.14,0.00,0,0.00,9.74,1,vehroute_veh387 tripinfo_veh387 routing_veh387 fcd_veh387,veh_passenger,0.90,
veh378,951.00,541484858_0,5.10,0.00,0.91,1053.00,52321641#0_0,33.90,14.46,102.00,991.64,15.00,2,0.00,37.28,1,vehroute_veh378 tripinfo_veh378 routing_veh378 fcd_veh378,veh_passenger,1.13,
veh379,953.00,-4540064#1_0,5.10,0.00,0.39,1055.00,4395775#4_1,19.25,14.04,102.00,1176.64,1.00,1,0.00,18.25,1,vehroute_veh379 tripinfo_veh379 routing_veh379 fcd_veh379,veh_passenger,1.05,
veh399,1003.00,13904675#4_0,5.10,0.00,0.12,1083.00,83806426#4_1,72.17,13.34,80.00,832.59,0.00,0,0.00,10.57,1,vehroute_veh399 tripinfo_veh399 routing_veh399 fcd_veh399,veh_passenger,1.03,
veh381,958.00,150800557#0_1,5.10,0.00,0.37,1091.00,4540248#1_0,21.10,6.45,133.00,910.88,15.00,1,0.00,35.61,2,vehroute_veh381 tripinfo_veh381 routing_veh381 fcd_veh381,veh_passenger,0.91,
veh354,890.00,-4541289#2_0,5.10,0.00,0.23,1094.00,7990020#5_0,21.18,5.81,204.00,1476.59,6.00,2,0.00,34.02,1,vehroute_veh354 tripinfo_veh354 routing_veh354 fcd_veh354,veh_passenger,0.73,
veh376,946.00,261557486#0_0,5.10,0.00,0.93,1096.00,-85418329_0,41.52,8.26,150.00,1245.13,4.00,1,0.00,32.99,1,vehroute_veh376 tripinfo_veh376 routing_veh376 fcd_veh376,veh_passenger,1.08,
veh360,905.00,231751868#5_0,0.20,0.00,0.15,1101.00,114277935#2_0,63.81,8.36,196.00,2053.79,10.00,2,0.00,45.28,1,vehroute_veh360 tripinfo_veh360 routing_veh360 fcd_veh360,veh_passenger,1.04,
veh369,928.00,261557486#4_0,0.20,0.00,0.53,1107.00,-20485040#12_0,104.34,14.41,179.00,2077.61,10.00,3,0.00,42.52,1,vehroute_veh369 tripinfo_veh369 routing_veh369 fcd_veh369,veh_passenger,1.12,
veh400,1006.00,-59433203#2_0,5.10,0.00,0.61,1110.00,37865180#0_1,24.19,14.70,104.00,925.26,14.00,1,0.00,37.25,1,vehroute_veh400 tripinfo_veh400 routing_veh400 fcd_veh400,veh_passenger,1.08,
veh352,885.00,37747501_1,5.10,0.00,0.26,1111.00,520012240_1,82.85,7.11,226.00,1929.04,25.00,3,0.00,59.62,1,vehroute_veh352 tripinfo_veh352 routing_veh352 fcd_veh352,veh_passenger,0.94,
veh392,986.00,909735863_0,5.10,0.00,0.72,1112.00,14047760#1_0,19.38,7.00,126.00,665.03,37.00,2,0.00,56.35,1,vehroute_veh392 tripinfo_veh392 routing_veh392 fcd_veh392,veh_passenger,0.92,
veh414,1041.00,-32117788#6_1,5.10,0.00,0.42,1113.00,20485040#6_0,30.08,11.61,72.00,728.24,0.00,0,0.00,9.31,1,vehroute_veh414 tripinfo_veh414 routing_veh414 fcd_veh414,veh_passenger,0.87,
veh368,925.00,-366887650#0_0,5.10,0.00,0.04,1116.00,233718299_0,12.39,8.80,191.00,1394.96,21.00,4,0.00,57.27,1,vehroute_veh368 tripinfo_veh368 routing_veh368 fcd_veh368,veh_passenger,1.06,
veh366,920.00,-290533428_0,5.10,0.00,0.07,1126.00,85418338_0,7.38,6.43,206.00,1746.19,17.00,4,0.00,56.98,1,vehroute_veh366 tripinfo_veh366 routing_veh366 fcd_veh366,veh_passenger,0.93,
veh397,998.00,384401180_1,5.10,0.00,0.15,1127.00,114208222#2_0,45.57,8.34,129.00,976.50,2.00,1,0.00,25.51,1,vehroute_veh397 tripinfo_veh397 routing_veh397 fcd_veh397,veh_passenger,1.10,
veh372,936.00,4541293#3_1,5.10,0.00,0.99,1129.00,14047784#1_0,28.00,6.88,193.00,1483.21,19.00,2,0.00,45.10,1,vehroute_veh372 tripinfo_veh372 routing_veh372 fcd_veh372,veh_passenger,0.91,
veh404,1016.00,3810573#1_0,5.10,0.00,0.56,1130.00,4215601#1_0,20.73,6.95,114.00,934.59,0.00,0,0.00,12.35,1,vehroute_veh404 tripinfo_veh404 routing_veh404 fcd_veh404,veh_passenger,0.89,
veh377,948.00,64226715#0_0,5.10,0.00,0.42,1133.00,147075690_0,39.42,7.46,185.00,1478.97,2.00,1,0.00,28.31,1,vehroute_veh377 tripinfo_veh377 routing_veh377 fcd_veh377,veh_passenger,0.99,
veh435,1094.00,37747728#1_2,5.10,0.00,0.64,1143.00,384401180_1,15.88,14.71,49.00,446.35,6.00,1,0.00,16.98,1,vehroute_veh435 tripinfo_veh435 routing_veh435 fcd_veh435,veh_passenger,1.07,
veh355,893.00,4539929#2_0,5.10,0.00,0.72,1144.00,233037569_0,48.16,8.78,251.00,2127.32,47.00,5,0.00,96.76,1,vehroute_veh355 tripinfo_veh355 routing_veh355 fcd_veh355,veh_passenger,1.14,
veh425,1069.00,306917253#0_0,5.10,0.00,0.77,1151.00,30454634#3_0,1.25,7.22,82.00,591.72,10.00,1,0.00,22.56,1,vehroute_veh425 tripinfo_veh425 routing_veh425 fcd_veh425,veh_passenger,0.96,
veh408,1026.00,40260272#2_0,1.81,0.00,0.50,1163.00,128396775_0,23.26,6.59,137.00,1021.07,10.00,2,0.00,34.05,1,vehroute_veh408 tripinfo_veh408 routing_veh408 fcd_veh408,veh_passenger,0.93,
veh405,1018.00,52321642#0_0,5.10,0.00,0.04,1167.00,-135582944_0,108.36,7.19,149.00,1124.45,0.00,0,0.00,16.52,1,vehroute_veh405 tripinfo_veh405 routing_veh405 fcd_veh405,veh_passenger,0.97,
veh351,883.00,-64226715#2_0,0.20,0.00,0.77,1173.00,-55814729#3_0,0.20,3.71,290.00,2883.64,16.00,4,0.00,72.90,2,vehroute_veh351 tripinfo_veh351 routing_veh351 fcd_veh351,veh_passenger,1.16,
veh403,1013.00,-83517075#0_0,5.10,0.00,0.07,1180.00,-530721238#1_0,3.86,4.94,167.00,1463.27,23.00,4,0.00,58.73,1,vehroute_veh403 tripinfo_veh403 routing_veh403 fcd_veh403,veh_passenger,1.08,
veh393,988.00,-137329785#0_0,5.10,0.00,0.20,1181.00,14047962#2_0,0.20,8.52,193.00,1788.32,18.00,3,0.00,54.94,1,vehroute_veh393 tripinfo_veh393 routing_veh393 fcd_veh393,veh_passenger,1.09,
veh429,1079.00,37865178_0,5.10,0.00,0.72,1185.00,405364257#3_0,38.09,7.37,106.00,1089.29,0.00,0,0.00,13.18,1,vehroute_veh429 tripinfo_veh429 routing_veh429 fcd_veh429,veh_passenger,1.00,
veh373,938.00,3809978#2_0,0.20,0.00,0.47,1188.00,147075696#0_0,5.14,8.47,250.00,2150.80,22.00,5,0.00,74.99,1,vehroute_veh373 tripinfo_veh373 routing_veh373 fcd_veh373,veh_passenger,1.14,
veh394,991.00,32117786#4_0,5.10,0.00,0.69,1188.00,52822147#0_0,5.58,8.46,197.00,1358.77,36.00,4,0.00,70.92,1,vehroute_veh394 tripinfo_veh394 routing_veh394 fcd_veh394,veh_passenger,1.03,
veh362,910.00,41592105#5_0,5.10,0.00,0.12,1191.00,360313819_0,140.78,8.31,281.00,2143.44,19.00,5,0.00,67.22,1,vehroute_veh362 tripinfo_veh362 routing_veh362 fcd_veh362,veh_passenger,1.00,
veh384,966.00,14047759#0_0,5.10,0.00,0.82,1193.00,-326772508#2_0,82.72,12.63,227.00,1932.28,22.00,4,0.00,62.84,2,vehroute_veh384 tripinfo_veh384 routing_veh384 fcd_veh384,veh_passenger,0.98,
veh416,1046.00,-372245390#1_0,5.10,0.00,0.39,1195.00,-150800557#0_1,52.94,11.41,149.00,985.33,35.00,3,0.00,60.54,1,vehroute_veh416 tripinfo_veh416 routing_veh416 fcd_veh416,veh_passenger,0.83,
veh428,1076.00,-4539928#2_0,5.10,0.00,0.23,1196.00,293281653#0_0,32.97,13.62,120.00,1033.05,18.00,2,0.00,43.49,1,vehroute_veh428 tripinfo_veh428 routing_veh428 fcd_veh428,veh_passenger,1.04,
veh421,1059.00,372256216#0_0,5.10,0.00,0.83,1200.00,125814738#2_0,31.69,13.71,141.00,1153.91,6.00,2,0.00,27.43,1,vehroute_veh421 tripinfo_veh421 routing_veh421 fcd_veh421,veh_passenger,1.07,
veh419,1054.00,-114208262#2_0,5.10,0.00,0.85,1206.00,4396161#0_0,23.01,8.41,152.00,1180.39,11.00,2,0.00,42.11,1,vehroute_veh419 tripinfo_veh419 routing_veh419 fcd_veh419,veh_passenger,1.03,
veh401,1008.00,37692282#5_0,5.10,0.00,0.10,1210.00,49961185_1,18.88,12.66,202.00,1941.41,11.00,3,0.00,39.61,1,vehroute_veh401 tripinfo_veh401 routing_veh401 fcd_veh401,veh_passenger,0.94,
veh432,1086.00,-4540261#1_0,5.10,0.00,0.18,1210.00,4395982#1_0,48.67,7.88,124.00,1120.11,9.00,2,0.00,40.42,1,vehroute_veh432 tripinfo_veh432 routing_veh432 fcd_veh432,veh_passenger,1.09,
veh374,941.00,-4472602#0_0,5.10,0.00,0.96,1213.00,4829715#0_0,93.19,6.29,272.00,2061.84,40.00,6,0.00,84.30,1,vehroute_veh374 tripinfo_veh374 routing_veh374 fcd_veh374,veh_passenger,0.88,
veh449,1129.00,83806415_0,5.10,0.00,0.45,1213.00,520012242_0,7.05,13.30,84.00,552.62,28.00,2,0.00,42.53,1,vehroute_veh449 tripinfo_veh449 routing_veh449 fcd_veh449,veh_passenger,0.97,
veh406,1021.00,-14047759#3_0,3.18,0.00,0.53,1216.00,360319695#0_1,76.89,13.39,195.00,1499.93,14.00,1,0.00,44.86,1,vehroute_veh406 tripinfo_veh406 routing_veh406 fcd_veh406,veh_passenger,0.97,
veh424,1066.00,14045599#1_0,5.10,0.00,0.29,1220.00,-41362435_0,80.94,7.51,154.00,1342.50,0.00,0,0.00,17.35,1,vehroute_veh424 tripinfo_veh424 routing_veh424 fcd_veh424,veh_passenger,0.97,
veh442,1111.00,-376394518#1_0,5.10,0.00,0.04,1222.00,-30988146#3_0,35.59,6.93,111.00,779.36,0.00,0,0.00,12.66,1,vehroute_veh442 tripinfo_veh442 routing_veh442 fcd_veh442,veh_passenger,0.97,
veh396,996.00,20485040#13_0,1.48,0.00,0.66,1224.00,13871260_0,66.20,8.85,228.00,1938.37,46.00,6,0.00,86.60,1,vehroute_veh396 tripinfo_veh396 routing_veh396 fcd_veh396,veh_passenger,1.06,
veh390,981.00,40260270#1_0,5.10,0.00,0.74,1225.00,3789571#2_1,0.20,9.02,244.00,1932.23,48.00,7,0.00,111.99,1,vehroute_veh390 tripinfo_veh390 routing_veh390 fcd_veh390,veh_passenger,1.14,
veh412,1036.00,-13904657_0,5.10,0.00,0.45,1225.00,4395933#7_0,25.92,11.06,189.00,1374.11,23.00,4,0.00,56.28,1,vehroute_veh412 tripinfo_veh412 routing_veh412 fcd_veh412,veh_passenger,0.84,
veh371,933.00,13904650#7_0,5.10,0.00,0.50,1231.00,-2746171#5_0,54.44,8.88,298.00,2693.67,38.00,5,0.00,91.62,2,vehroute_veh371 tripinfo_veh371 routing_veh371 fcd_veh371,veh_passenger,1.08,
veh389,978.00,43175824#1_0,5.10,0.00,0.26,1234.00,-13904650#6_0,63.83,6.92,256.00,2012.75,28.00,5,0.00,80.95,1,vehroute_veh389 tripinfo_veh389 routing_veh389 fcd_veh389,veh_passenger,0.89,
veh422,1061.00,-42239605#1_0,5.10,0.00,0.31,1238.00,4937393_1,25.98,13.45,177.00,1712.01,19.00,2,0.00,50.01,2,vehroute_veh422 tripinfo_veh422 routing_veh422 fcd_veh422,veh_passenger,1.02,
veh413,1039.00,-4541293#6_1,5.10,0.00,0.93,1260.00,-80479198#0_0,56.13,7.91,221.00,1836.70,26.00,7,0.00,87.44,1,vehroute_veh413 tripinfo_veh413 routing_veh413 fcd_veh413,veh_passenger,1.03,
veh438,1101.00,37692198#3_0,5.10,0.00,0.10,1260.00,-52321641#2_0,17.30,14.76,159.00,1742.70,26.00,2,0.00,48.46,1,vehroute_veh438 tripinfo_veh438 routing_veh438 fcd_veh438,veh_passenger,1.15,
veh382,961.00,-4540080#3_0,5.10,0.00,0.85,1262.00,-48985674_0,51.41,7.96,301.00,2416.24,33.00,5,0.00,94.99,1,vehroute_veh382 tripinfo_veh382 routing_veh382 fcd_veh382,veh_passenger,1.00,
veh437,1099.00,3708541#3_0,5.10,0.00,0.61,1263.00,585819381#0_0,0.48,13.76,164.00,1743.97,3.00,1,0.00,21.92,1,vehroute_veh437 tripinfo_veh437 routing_veh437 fcd_veh437,veh_passenger,1.00,
veh418,1051.00,-42293718#6_0,5.10,0.00,0.37,1270.00,-4263428#3_0,11.36,5.95,219.00,1807.19,22.00,4,0.00,57.84,2,vehroute_veh418 tripinfo_veh418 routing_veh418 fcd_veh418,veh_passenger,0.87,
veh431,1084.00,14047802#1_0,5.10,0.00,0.69,1270.00,585819381#1_1,61.71,11.31,186.00,1292.06,35.00,4,0.00,64.41,1,vehroute_veh431 tripinfo_veh431 routing_veh431 fcd_veh431,veh_passenger,0.83,
veh364,915.00,26143790#0_0,5.10,0.00,0.09,1272.00,64344154_0,17.27,8.68,357.00,2649.86,62.00,9,0.00,133.94,2,vehroute_veh364 tripinfo_veh364 routing_veh364 fcd_veh364,veh_passenger,1.07,
veh386,971.00,261557486#3_0,0.20,0.00,0.80,1272.00,23076566_0,59.44,8.09,301.00,2902.58,42.00,4,0.00,97.00,1,vehroute_veh386 tripinfo_veh386 routing_veh386 fcd_veh386,veh_passenger,1.09,
veh415,1044.00,296573594#1_0,0.88,0.00,0.91,1272.00,4395890_0,107.32,8.71,228.00,1949.74,5.00,2,0.00,40.40,1,vehroute_veh415 tripinfo_veh415 routing_veh415 fcd_veh415,veh_passenger,1.06,
veh383,963.00,317697975#4_0,5.10,0.00,0.34,1279.00,998772222#2_0,12.04,14.07,316.00,3259.58,32.00,6,0.00,83.87,1,vehroute_veh383 tripinfo_veh383 routing_veh383 fcd_veh383,veh_passenger,1.03,
veh395,993.00,52324405_0,5.10,0.00,0.18,1284.00,128680991#0_0,47.32,8.60,291.00,2584.97,45.00,6,0.00,99.03,2,vehroute_veh395 tripinfo_veh395 routing_veh395 fcd_veh395,veh_passenger,1.08,
veh391,983.00,4472602#0_0,5.10,0.00,0.23,1286.00,-85422718#2_0,0.20,2.99,303.00,2825.98,31.00,4,0.00,78.56,1,vehroute_veh391 tripinfo_veh391 routing_veh391 fcd_veh391,veh_passenger,0.96,
veh430,1081.00,-13904675#0_0,5.10,0.00,0.20,1286.00,338075835#3_1,74.63,8.66,205.00,1369.45,53.00,2,0.00,74.40,1,vehroute_veh430 tripinfo_veh430 routing_veh430 fcd_veh430,veh_passenger,1.10,
veh446,1122.00,4540245#3_0,5.10,0.00,0.99,1291.00,13904706#4_0,25.99,7.55,169.00,1449.97,20.00,3,0.00,50.85,1,vehroute_veh446 tripinfo_veh446 routing_veh446 fcd_veh446,veh_passenger,0.99,
veh445,1119.00,4541289#7_0,5.10,0.00,0.50,1306.00,-43100899#2_1,54.01,14.17,187.00,1685.68,22.00,2,0.00,53.16,1,vehroute_veh445 tripinfo_veh445 routing_veh445 fcd_veh445,veh_passenger,1.09,
veh420,1056.00,-365839070_0,5.10,0.00,0.34,1314.00,128912367_0,16.10,8.50,258.00,2251.03,38.00,3,0.00,90.98,1,vehroute_veh420 tripinfo_veh420 routing_veh420 fcd_veh420,veh_passenger,1.11,
veh447,1124.00,-59433203#2_0,5.10,0.00,0.48,1322.00,-26143790#1_0,8.40,6.34,198.00,1363.84,32.00,4,0.00,68.15,1,vehroute_veh447 tripinfo_veh447 routing_veh447 fcd_veh447,veh_passenger,1.04,
veh417,1049.00,-32117788#0_0,5.10,0.00,0.88,1327.00,13904648#4_0,43.88,6.95,278.00,2342.08,22.00,5,0.00,71.42,1,vehroute_veh417 tripinfo_veh417 routing_veh417 fcd_veh417,veh_passenger,0.95,
veh410,1031.00,52321642#1_0,5.10,0.00,0.47,1331.00,130294072#1_0,84.80,8.35,300.00,2630.75,27.00,4,0.00,88.99,2,vehroute_veh410 tripinfo_veh410 routing_veh410 fcd_veh410,veh_passenger,1.07,
veh426,1071.00,962863830#1_0,5.10,0.00,0.26,1331.00,-4674997_0,68.89,8.09,260.00,1895.39,0.00,0,0.00,32.65,1,vehroute_veh426 tripinfo_veh426 routing_veh426 fcd_veh426,veh_passenger,0.98,
veh411,1034.00,3788405#1_0,5.10,0.00,0.96,1344.00,585819381#0_1,0.48,5.06,310.00,1904.13,55.00,6,0.00,102.12,1,vehroute_veh411 tripinfo_veh411 routing_veh411 fcd_veh411,veh_passenger,1.00,
veh423,1064.00,-37865180#2_0,5.10,0.00,0.80,1346.00,-85422715#0_0,57.56,7.26,282.00,2891.46,19.00,3,0.00,67.36,1,vehroute_veh423 tripinfo_veh423 routing_veh423 fcd_veh423,veh_passenger,1.00,
veh441,1109.00,-4674997_0,5.10,0.00,0.56,1347.00,41228866#3_0,29.06,7.24,238.00,1989.15,4.00,2,0.00,43.91,1,vehroute_veh441 tripinfo_veh441 routing_veh441 fcd_veh441,veh_passenger,1.02,
veh444,1116.00,22566799#5_0,1.35,0.00,0.02,1352.00,632121623#1_0,25.46,14.23,236.00,2383.00,27.00,5,0.00,77.96,1,vehroute_veh444 tripinfo_veh444 routing_veh444 fcd_veh444,veh_passenger,1.11,
veh434,1091.00,3708865#7_0,1.43,0.00,0.15,1361.00,354359921_1,176.05,13.80,270.00,2766.02,33.00,5,0.00,82.16,1,vehroute_veh434 tripinfo_veh434 routing_veh434 fcd_veh434,veh_passenger,1.07,
veh385,968.00,23102758#0_0,5.10,0.00,0.31,1378.00,-636824321#1_0,25.06,7.13,410.00,3550.92,22.00,4,0.00,80.57,1,vehroute_veh385 tripinfo_veh385 routing_veh385 fcd_veh385,veh_passenger,0.94,
veh402,1011.00,497328791_0,5.10,0.00,0.58,1386.00,520012241#1_0,51.67,7.18,375.00,2782.15,62.00,10,0.00,125.21,2,vehroute_veh402 tripinfo_veh402 routing_veh402 fcd_veh402,veh_passenger,0.92,
veh443,1114.00,23102758#3_0,5.10,0.00,0.53,1387.00,8403822#1_0,55.23,10.10,273.00,2752.19,36.00,6,0.00,89.08,1,vehroute_veh443 tripinfo_veh443 routing_veh443 fcd_veh443,veh_passenger,1.24,
veh398,1001.00,37692415#0_0,5.10,6.15,0.64,1398.00,-354369976#3_0,29.83,8.13,397.00,2883.27,57.00,3,0.00,108.41,1,vehroute_veh398 tripinfo_veh398 routing_veh398 fcd_veh398,veh_passenger,1.03,
veh427,1074.00,874916508#0_0,3.31,0.00,0.75,1403.00,37692282#4_0,38.20,8.82,329.00,2382.73,79.00,8,0.00,146.59,1,vehroute_veh427 tripinfo_veh427 routing_veh427 fcd_veh427,veh_passenger,1.10,
veh436,1096.00,37747008#0_2,5.10,0.00,0.12,1426.00,4908199#0_0,41.79,6.97,330.00,2253.84,59.00,8,0.00,121.18,1,vehroute_veh436 tripinfo_veh436 routing_veh436 fcd_veh436,veh_passenger,0.91,
veh554,1393.00,-3809981#0_0,5.10,0.00,0.53,1446.00,-317183888_0,13.01,14.05,53.00,530.64,3.00,1,0.00,13.13,1,vehroute_veh554 tripinfo_veh554 routing_veh554 fcd_veh554,veh_passenger,1.04,
veh440,1106.00,39255348#1_0,5.10,0.00,0.07,1450.00,-20484465#2_0,21.82,9.73,344.00,2775.82,56.00,7,0.00,116.89,2,vehroute_veh440 tripinfo_veh440 routing_veh440 fcd_veh440,veh_passenger,1.06,
veh409,1029.00,-22566799#5_0,1.35,0.00,0.99,1456.00,3708463#1_0,65.75,14.17,427.00,3842.53,59.00,9,0.00,139.34,1,vehroute_veh409 tripinfo_veh409 routing_veh409 fcd_veh409,veh_passenger,1.10,
veh439,1104.00,128680991#4_0,5.10,0.00,0.58,1493.00,30988144#0_0,24.55,6.89,389.00,2879.61,21.00,3,0.00,68.64,1,vehroute_veh439 tripinfo_veh439 routing_veh439 fcd_veh439,veh_passenger,0.84,
veh433,1089.00,348538605#0_0,1.71,0.00,0.66,1497.00,-64270039#3_0,41.02,7.40,408.00,3322.79,27.00,5,0.00,95.57,1,vehroute_veh433 tripinfo_veh433 routing_veh433 fcd_veh433,veh_passenger,0.97,
veh557,1402.00,-376394518#1_0,5.10,0.00,1.99,1529.00,-83517075#0_0,89.65,14.41,127.00,1253.13,11.00,1,0.00,28.36,1,vehroute_veh557 tripinfo_veh557 routing_veh557 fcd_veh557,veh_passenger,1.13,
veh553,1390.00,-114208222#1_0,5.10,0.00,0.05,1539.00,-4937392#2_1,1.61,10.73,149.00,1157.09,20.00,2,0.00,43.55,1,vehroute_veh553 tripinfo_veh553 routing_veh553 fcd_veh553,veh_passenger,0.96,
veh551,1385.00,37747500#3_0,5.10,0.00,0.07,1540.00,-13904654#0_0,39.79,9.13,155.00,1466.58,7.00,1,0.00,34.06,1,vehroute_veh551 tripinfo_veh551 routing_veh551 fcd_veh551,veh_passenger,1.15,
veh560,1408.00,-14047825#2_0,5.10,0.00,0.45,1544.00,52321639#1_0,1.62,3.22,136.00,1092.48,16.00,2,0.00,39.16,1,vehroute_veh560 tripinfo_veh560 routing_veh560 fcd_veh560,veh_passenger,0.97,
veh561,1411.00,-13904650#1_0,5.10,0.00,0.94,1557.00,-128005879#0_0,50.43,7.43,146.00,1133.73,10.00,1,0.00,29.62,1,vehroute_veh561 tripinfo_veh561 routing_veh561 fcd_veh561,veh_passenger,0.99,
veh580,1458.00,4263427#6_0,5.10,0.00,0.18,1559.00,14047759#4_0,4.10,7.60,101.00,869.66,3.00,1,0.00,18.47,1,vehroute_veh580 tripinfo_veh580 routing_veh580 fcd_veh580,veh_passenger,1.04,
veh448,1127.00,8111230#3_0,5.10,0.00,0.96,1568.00,-32117786#2_0,11.61,11.81,441.00,3671.42,45.00,7,0.00,174.36,1,vehroute_veh448 tripinfo_veh448 routing_veh448 fcd_veh448,veh_passenger,1.14,
veh575,1446.00,39117802#1_0,5.10,0.00,0.75,1580.00,4540245#2_0,14.80,10.44,134.00,1210.14,20.00,4,0.00,56.65,1,vehroute_veh575 tripinfo_veh575 routing_veh575 fcd_veh575,veh_passenger,1.30,
veh570,1433.00,1049698333#0_0,5.10,0.00,0.32,1581.00,-52321641#4_0,17.94,13.68,148.00,1602.01,3.00,1,0.00,19.83,1,vehroute_veh570 tripinfo_veh570 routing_veh570 fcd_veh570,veh_passenger,0.99,
veh595,1496.00,-547766100#0_0,5.10,0.00,0.48,1592.00,13904682#2_0,19.81,9.83,96.00,902.19,8.00,1,0.00,24.01,1,vehroute_veh595 tripinfo_veh595 routing_veh595 fcd_veh595,veh_passenger,1.21,
veh555,1395.00,-4263428#3_0,5.10,0.00,0.02,1595.00,-55668397_0,60.97,7.08,200.00,1426.60,41.00,4,0.00,71.99,1,vehroute_veh555 tripinfo_veh555 routing_veh555 fcd_veh555,veh_passenger,0.88,
veh407,1023.00,64055562_0,5.10,0.00,0.01,1609.00,998772221#2_0,0.20,11.63,586.00,4374.72,85.00,11,0.00,170.03,1,vehroute_veh407 tripinfo_veh407 routing_veh407 fcd_veh407,veh_passenger,0.90,
veh568,1428.00,4908204#0_1,1.63,0.00,0.35,1609.00,-41592115_0,44.88,7.23,181.00,1195.33,19.00,3,0.00,45.89,1,vehroute_veh568 tripinfo_veh568 routing_veh568 fcd_veh568,veh_passenger,0.93,
veh581,1461.00,41565492#1_0,5.10,0.00,0.67,1616.00,4215601#2_0,68.33,7.55,155.00,1265.81,13.00,1,0.00,33.90,1,vehroute_veh581 tripinfo_veh581 routing_veh581 fcd_veh581,veh_passenger,0.96,
veh598,1504.00,-632121623#1_0,5.10,0.00,0.94,1618.00,3809978#0_0,73.69,7.87,114.00,991.70,4.00,1,0.00,29.56,1,vehroute_veh598 tripinfo_veh598 routing_veh598 fcd_veh598,veh_passenger,0.99,
veh585,1471.00,-14047759#3_0,3.18,0.00,0.62,1620.00,130277328#0_0,15.44,9.02,149.00,1193.70,11.00,4,0.00,37.86,1,vehroute_veh585 tripinfo_veh585 routing_veh585 fcd_veh585,veh_passenger,0.92,
veh622,1564.00,-22820607#0_0,5.10,0.00,0.62,1624.00,4263428#4_0,26.24,13.19,60.00,481.96,13.00,1,0.00,22.31,1,vehroute_veh622 tripinfo_veh622 routing_veh622 fcd_veh622,veh_passenger,0.98,
veh556,1398.00,-114208222#1_0,5.10,0.00,0.51,1630.00,41228866#2_0,18.87,8.41,232.00,1770.48,23.00,5,0.00,88.69,1,vehroute_veh556 tripinfo_veh556 routing_veh556 fcd_veh556,veh_passenger,1.10,
veh621,1561.00,-14678455_0,5.10,0.00,0.13,1630.00,4937392#2_1,1.61,12.51,69.00,593.63,0.00,0,0.00,9.63,1,vehroute_veh621 tripinfo_veh621 routing_veh621 fcd_veh621,veh_passenger,0.94,
veh576,1448.00,4540064#2_0,5.10,0.00,0.24,1635.00,-41228866#1_0,26.73,7.36,187.00,1696.05,0.00,0,0.00,38.17,1,vehroute_veh576 tripinfo_veh576 routing_veh576 fcd_veh576,veh_passenger,1.01,
veh613,1541.00,4539929#1_0,5.10,0.00,0.24,1636.00,37747135#2_0,26.04,15.67,95.00,925.70,7.00,1,0.00,23.93,1,vehroute_veh613 tripinfo_veh613 routing_veh613 fcd_veh613,veh_passenger,1.14,
veh571,1436.00,-59433204#0_0,5.10,0.00,0.80,1640.00,-55814729#1_0,13.43,7.60,204.00,1439.46,33.00,5,0.00,78.42,1,vehroute_veh571 tripinfo_veh571 routing_veh571 fcd_veh571,veh_passenger,0.98,
veh572,1438.00,-3708865#8_0,1.32,0.00,0.29,1642.00,150800556#0_1,21.32,6.77,204.00,1644.45,2.00,1,0.00,31.52,1,vehroute_veh572 tripinfo_veh572 routing_veh572 fcd_veh572,veh_passenger,0.88,
veh582,1463.00,135583247_0,5.10,0.00,0.16,1642.00,64270039#2_1,24.45,8.40,179.00,1775.76,11.00,2,0.00,38.68,1,vehroute_veh582 tripinfo_veh582 routing_veh582 fcd_veh582,veh_passenger,1.13,
veh552,1388.00,1049078008_0,5.10,0.00,0.56,1644.00,32117788#4_1,50.83,12.05,256.00,2002.41,35.00,4,0.00,74.74,2,vehroute_veh552 tripinfo_veh552 routing_veh552 fcd_veh552,veh_passenger,0.91,
veh573,1441.00,-258341362_0,5.10,0.00,0.78,1652.00,150800556#0_1,21.32,5.82,211.00,1200.03,23.00,4,0.00,59.38,1,vehroute_veh573 tripinfo_veh573 routing_veh573 fcd_veh573,veh_passenger,0.71,
veh601,1511.00,128676689#4_0,5.10,0.00,0.40,1654.00,192108787#1_0,52.04,7.81,143.00,1282.00,13.00,1,0.00,35.89,1,vehroute_veh601 tripinfo_veh601 routing_veh601 fcd_veh601,veh_passenger,1.02,
veh565,1421.00,-26143790#1_0,5.10,0.00,0.89,1657.00,-128396774#2_0,0.20,8.18,236.00,1415.94,39.00,5,0.00,77.12,1,vehroute_veh565 tripinfo_veh565 routing_veh565 fcd_veh565,veh_passenger,1.04,
veh592,1488.00,2746171#3_0,5.10,0.00,0.02,1658.00,4395858#4_0,13.31,6.38,170.00,1319.97,8.00,2,0.00,33.71,1,vehroute_veh592 tripinfo_veh592 routing_veh592 fcd_veh592,veh_passenger,0.85,
veh594,1494.00,44069390#1_0,5.10,0.00,0.99,1658.00,376394516#7_0,28.74,11.38,164.00,1246.84,4.00,1,0.00,24.83,1,vehroute_veh594 tripinfo_veh594 routing_veh594 fcd_veh594,veh_passenger,0.87,
veh607,1526.00,384401184#2_0,5.10,0.00,0.32,1659.00,37692199#1_0,31.78,15.87,133.00,1570.08,6.00,2,0.00,35.57,1,vehroute_veh607 tripinfo_veh607 routing_veh607 fcd_veh607,veh_passenger,1.19,
veh558,1403.00,3789703#0_0,4.44,13.21,0.48,1660.00,14047802#1_0,23.99,7.33,257.00,2081.43,34.00,4,0.00,79.07,1,vehroute_veh558 tripinfo_veh558 routing_veh558 fcd_veh558,veh_passenger,0.95,
veh566,1423.00,-556290239#0_0,5.10,0.00,0.37,1668.00,4396064_0,116.39,8.29,245.00,1809.86,67.00,6,0.00,116.89,1,vehroute_veh566 tripinfo_veh566 routing_veh566 fcd_veh566,veh_passenger,1.14,
veh586,1473.00,-497323293#2_0,5.10,0.00,0.10,1678.00,-4539928#2_0,38.80,7.83,205.00,1732.87,13.00,1,0.00,35.76,1,vehroute_veh586 tripinfo_veh586 routing_veh586 fcd_veh586,veh_passenger,0.96,
veh600,1509.00,-4215606#5_0,5.10,0.00,0.91,1680.00,128465055#5_0,7.34,7.43,171.00,1347.43,11.00,1,0.00,33.00,1,vehroute_veh600 tripinfo_veh600 routing_veh600 fcd_veh600,veh_passenger,0.95,
veh583,1466.00,29333723#0_0,5.10,0.00,0.64,1681.00,3708471#1_0,23.29,7.08,215.00,1575.96,10.00,2,0.00,42.14,1,vehroute_veh583 tripinfo_veh583 routing_veh583 fcd_veh583,veh_passenger,0.96,
veh587,1476.00,-13904695#0_0,5.10,0.00,0.59,1682.00,14678786#2_0,36.84,9.48,206.00,1715.84,24.00,1,0.00,59.53,1,vehroute_veh587 tripinfo_veh587 routing_veh587 fcd_veh587,veh_passenger,1.26,
veh617,1551.00,-740743747_0,5.10,0.00,0.18,1686.00,-75589201_0,30.30,7.03,135.00,1409.23,2.00,1,0.00,22.02,1,vehroute_veh617 tripinfo_veh617 routing_veh617 fcd_veh617,veh_passenger,0.98,
veh630,1584.00,37747728#0_0,5.10,0.00,0.51,1691.00,-41565486#1_0,91.03,7.46,107.00,868.41,7.00,1,0.00,25.48,1,vehroute_veh630 tripinfo_veh630 routing_veh630 fcd_veh630,veh_passenger,0.90,
veh589,1481.00,-14332142#2_0,5.10,0.00,0.56,1694.00,52321641#1_0,17.39,11.41,213.00,1690.21,34.00,3,0.00,67.22,1,vehroute_veh589 tripinfo_veh589 routing_veh589 fcd_veh589,veh_passenger,0.87,
veh559,1406.00,4541293#5_1,5.10,0.00,0.97,1695.00,44069390#1_0,28.63,7.68,289.00,2426.21,39.00,5,0.00,87.94,1,vehroute_veh559 tripinfo_veh559 routing_veh559 fcd_veh559,veh_passenger,1.01,
veh597,1501.00,-23076564_0,5.10,0.00,0.45,1696.00,56760104#1_1,202.17,12.78,195.00,1621.15,22.00,3,0.00,48.91,1,vehroute_veh597 tripinfo_veh597 routing_veh597 fcd_veh597,veh_passenger,0.97,
veh620,1559.00,-39476010#0_0,0.20,0.00,0.64,1697.00,-317183891#0_0,16.74,14.81,138.00,1398.83,25.00,2,0.00,43.08,1,vehroute_veh620 tripinfo_veh620 routing_veh620 fcd_veh620,veh_passenger,1.07,
veh606,1524.00,-14047498#5_0,0.20,0.00,0.83,1698.00,-20485040#4_0,76.78,15.32,174.00,1462.62,33.00,4,0.00,67.05,1,vehroute_veh606 tripinfo_veh606 routing_veh606 fcd_veh606,veh_passenger,1.10,
veh627,1576.00,4541293#1_1,5.10,0.00,0.05,1703.00,43100899#0_0,17.62,9.62,127.00,1408.90,1.00,1,0.00,21.98,1,vehroute_veh627 tripinfo_veh627 routing_veh627 fcd_veh627,veh_passenger,0.99,
veh604,1519.00,-59433203#1_0,5.10,0.00,0.86,1707.00,32117788#0_1,69.76,12.71,188.00,1844.00,11.00,1,0.00,40.38,1,vehroute_veh604 tripinfo_veh604 routing_veh604 fcd_veh604,veh_passenger,0.98,
veh618,1554.00,-37692199#2_1,5.10,0.00,0.67,1709.00,-3818568#0_0,0.20,7.58,155.00,1268.40,4.00,1,0.00,24.18,1,vehroute_veh618 tripinfo_veh618 routing_veh618 fcd_veh618,veh_passenger,0.98,
veh591,1486.00,150800556#0_0,5.10,0.00,0.54,1713.00,13904649#3_0,11.29,6.87,227.00,1777.68,30.00,4,0.00,69.01,1,vehroute_veh591 tripinfo_veh591 routing_veh591 fcd_veh591,veh_passenger,0.98,
veh564,1418.00,3789703#0_0,4.44,13.51,0.40,1718.00,11685178#2_0,9.78,7.46,300.00,2480.97,28.00,6,0.00,100.79,2,vehroute_veh564 tripinfo_veh564 routing_veh564 fcd_veh564,veh_passenger,0.97,
veh615,1546.00,3785459_1,5.10,0.00,0.21,1719.00,20484465#3_0,31.95,12.04,173.00,1445.08,15.00,1,0.00,39.21,1,vehroute_veh615 tripinfo_veh615 routing_veh615 fcd_veh615,veh_passenger,0.96,
veh635,1597.00,7664730#8_0,5.10,0.00,0.94,1719.00,915818298_0,41.66,14.49,122.00,1214.03,0.00,0,0.00,17.05,1,vehroute_veh635 tripinfo_veh635 routing_veh635 fcd_veh635,veh_passenger,1.15,
veh567,1426.00,636824321#1_0,5.10,0.00,0.86,1723.00,-192108789#2_0,33.66,9.11,297.00,2540.46,19.00,4,0.00,74.05,1,vehroute_veh567 tripinfo_veh567 routing_veh567 fcd_veh567,veh_passenger,1.11,
veh596,1499.00,-348538605#1_0,0.23,0.00,0.97,1726.00,-14047190#1_0,37.69,7.46,227.00,2023.86,25.00,2,0.00,58.82,1,vehroute_veh596 tripinfo_veh596 routing_veh596 fcd_veh596,veh_passenger,0.99,
veh605,1521.00,4395693_0,5.10,0.00,0.35,1726.00,372245390#1_0,109.91,5.26,205.00,1371.87,27.00,5,0.00,72.03,1,vehroute_veh605 tripinfo_veh605 routing_veh605 fcd_veh605,veh_passenger,0.89,
veh584,1468.00,3708471#3_0,5.10,0.00,0.13,1730.00,-348538605#1_0,0.23,2.63,262.00,2304.08,18.00,4,0.00,75.32,1,vehroute_veh584 tripinfo_veh584 routing_veh584 fcd_veh584,veh_passenger,0.98,
veh569,1431.00,32117786#2_1,5.10,0.00,0.83,1736.00,192108789#2_0,33.66,6.54,305.00,2447.39,30.00,4,0.00,80.10,1,vehroute_veh569 tripinfo_veh569 routing_veh569 fcd_veh569,veh_passenger,0.88,
veh614,1544.00,4541289#2_0,5.10,0.00,0.73,1744.00,397464856#2_0,36.90,8.23,200.00,1763.85,24.00,5,0.00,67.04,1,vehroute_veh614 tripinfo_veh614 routing_veh614 fcd_veh614,veh_passenger,1.05,
veh579,1456.00,37692490#1_0,5.10,0.00,0.70,1746.00,-376394520#3_0,12.65,9.25,290.00,2552.07,23.00,6,0.00,89.74,1,vehroute_veh579 tripinfo_veh579 routing_veh579 fcd_veh579,veh_passenger,1.13,
veh611,1536.00,-979758320_0,5.10,0.00,0.27,1746.00,32117786#3_1,17.71,12.22,210.00,1807.17,8.00,1,0.00,34.60,1,vehroute_veh611 tripinfo_veh611 routing_veh611 fcd_veh611,veh_passenger,0.97,
veh578,1453.00,338075835#4_2,5.10,0.00,0.21,1748.00,4215606#0_0,57.33,5.51,295.00,2082.09,9.00,3,0.00,54.74,2,vehroute_veh578 tripinfo_veh578 routing_veh578 fcd_veh578,veh_passenger,0.75,
veh631,1586.00,130294072#2_0,5.10,0.00,0.00,1748.00,-4540245#4_0,26.66,8.46,162.00,1162.46,35.00,4,0.00,70.42,1,vehroute_veh631 tripinfo_veh631 routing_veh631 fcd_veh631,veh_passenger,1.09,
veh574,1443.00,584286612#3_0,5.10,0.00,0.26,1753.00,-64267110_0,107.75,7.66,310.00,2574.22,31.00,5,0.00,80.71,2,vehroute_veh574 tripinfo_veh574 routing_veh574 fcd_veh574,veh_passenger,0.96,
veh603,1516.00,-4540080#3_0,5.10,0.00,0.37,1759.00,114208221#1_0,14.37,7.98,243.00,1785.12,43.00,5,0.00,86.45,1,vehroute_veh603 tripinfo_veh603 routing_veh603 fcd_veh603,veh_passenger,1.04,
veh626,1574.00,-80479202#0_0,5.10,0.00,0.56,1767.00,-3708471#2_0,26.34,7.59,193.00,1660.38,23.00,4,0.00,57.36,2,vehroute_veh626 tripinfo_veh626 routing_veh626 fcd_veh626,veh_passenger,1.06,
veh637,1602.00,-83806426#4_0,5.10,0.00,0.92,1771.00,20485039#0_0,26.43,7.97,169.00,1266.71,18.00,3,0.00,47.36,2,vehroute_veh637 tripinfo_veh637 routing_veh637 fcd_veh637,veh_passenger,0.98,
veh593,1491.00,55690432#0_0,5.10,0.00,0.51,1772.00,135582944_0,102.06,7.76,281.00,2382.38,22.00,4,0.00,67.81,1,vehroute_veh593 tripinfo_veh593 routing_veh593 fcd_veh593,veh_passenger,0.97,
veh577,1451.00,-32117788#8_0,5.10,0.00,0.72,1773.00,-37865178_2,45.50,10.33,322.00,2716.98,41.00,6,0.00,86.21,1,vehroute_veh577 tripinfo_veh577 routing_veh577 fcd_veh577,veh_passenger,0.84,
veh641,1612.00,52324405_0,5.10,0.00,0.86,1777.00,26143790#0_0,31.56,6.59,165.00,1151.09,21.00,2,0.00,45.91,1,vehroute_veh641 tripinfo_veh641 routing_veh641 fcd_veh641,veh_passenger,0.87,
veh624,1569.00,-137329786#1_0,5.10,0.00,0.59,1779.00,-575044518_0,86.92,7.51,210.00,1667.32,25.00,2,0.00,55.73,1,vehroute_veh624 tripinfo_veh624 routing_veh624 fcd_veh624,veh_passenger,0.98,
veh640,1609.00,-42239605#1_0,5.10,0.00,0.37,1780.00,3708838#3_0,45.14,9.28,171.00,1670.00,10.00,2,0.00,44.32,1,vehroute_veh640 tripinfo_veh640 routing_veh640 fcd_veh640,veh_passenger,1.16,
veh612,1539.00,677070805#0_1,5.10,3.63,0.75,1786.00,-52321641#3_0,37.79,14.21,247.00,1339.66,73.00,5,0.00,106.05,1,vehroute_veh612 tripinfo_veh612 routing_veh612 fcd_veh612,veh_passenger,1.09,
veh599,1506.00,147075690_0,5.10,0.00,0.43,1795.00,-374695664#1_0,6.79,8.02,289.00,2454.68,47.00,6,0.00,100.63,2,vehroute_veh599 tripinfo_veh599 routing_veh599 fcd_veh599,veh_passenger,1.08,
veh588,1478.00,-52321641#4_1,5.10,0.00,0.08,1802.00,136553370#1_0,228.45,7.56,324.00,2977.13,25.00,6,0.00,86.66,2,vehroute_veh588 tripinfo_veh588 routing_veh588 fcd_veh588,veh_passenger,0.97,
veh590,1483.00,49961184#2_0,5.10,0.00,0.05,1807.00,35078320_0,96.76,7.87,324.00,2994.82,32.00,6,0.00,88.23,1,vehroute_veh590 tripinfo_veh590 routing_veh590 fcd_veh590,veh_passenger,1.05,
veh646,1624.00,128465055#2_0,5.10,0.00,0.29,1812.00,7990022#0_0,83.49,6.59,188.00,1383.38,18.00,2,0.00,50.02,1,vehroute_veh646 tripinfo_veh646 routing_veh646 fcd_veh646,veh_passenger,0.93,
veh629,1581.00,128465055#2_0,5.10,0.00,0.02,1814.00,114208223#1_0,76.85,8.38,233.00,2156.37,20.00,2,0.00,57.58,1,vehroute_veh629 tripinfo_veh629 routing_veh629 fcd_veh629,veh_passenger,1.05,
veh632,1589.00,40852756#0_0,5.10,0.00,0.48,1819.00,135582840#2_0,18.45,8.34,230.00,2361.68,11.00,1,0.00,49.99,1,vehroute_veh632 tripinfo_veh632 routing_veh632 fcd_veh632,veh_passenger,1.11,
veh636,1599.00,13904650#7_0,5.10,0.00,0.43,1822.00,-4540080#0_0,33.53,8.77,223.00,2123.36,16.00,2,0.00,57.40,2,vehroute_veh636 tripinfo_veh636 routing_veh636 fcd_veh636,veh_passenger,1.13,
veh563,1416.00,30988145#0_0,5.10,0.00,0.91,1830.00,30454634#1_1,88.01,7.25,414.00,3823.16,34.00,5,0.00,98.59,2,vehroute_veh563 tripinfo_veh563 routing_veh563 fcd_veh563,veh_passenger,1.01,
veh616,1549.00,37692198#1_0,5.10,0.00,0.70,1831.00,125814598_0,27.10,15.10,282.00,2742.66,12.00,3,0.00,68.09,1,vehroute_veh616 tripinfo_veh616 routing_veh616 fcd_veh616,veh_passenger,1.10,
veh625,1571.00,4215666#1_0,5.10,0.00,0.08,1840.00,-30988146#0_0,1.90,5.23,269.00,1866.49,2.00,1,0.00,37.48,1,vehroute_veh625 tripinfo_veh625 routing_veh625 fcd_veh625,veh_passenger,0.96,
veh633,1592.00,22820607#1_0,5.10,0.00,0.97,1845.00,-52321641#2_0,17.30,13.81,253.00,2643.57,23.00,3,0.00,63.83,1,vehroute_veh633 tripinfo_veh633 routing_veh633 fcd_veh633,veh_passenger,1.07,
veh643,1617.00,497323293#0_0,5.10,0.00,0.83,1845.00,-4540245#4_0,26.66,5.75,228.00,1730.96,15.00,2,0.00,44.34,1,vehroute_veh643 tripinfo_veh643 routing_veh643 fcd_veh643,veh_passenger,0.82,
veh608,1529.00,-55814729#3_0,0.20,0.00,0.81,1847.00,30988146#3_0,29.68,7.46,318.00,2899.54,5.00,1,0.00,39.76,1,vehroute_veh608 tripinfo_veh608 routing_veh608 fcd_veh608,veh_passenger,0.97,
veh602,1514.00,-366887650#2_0,5.10,0.00,0.89,1856.00,-8045273#5_0,49.16,5.71,342.00,2270.56,23.00,4,0.00,67.25,1,vehroute_veh602 tripinfo_veh602 routing_veh602 fcd_veh602,veh_passenger,0.76,
veh644,1619.00,4215601#1_0,5.10,0.00,0.32,1862.00,-44069390#3_0,20.78,7.69,243.00,1702.66,26.00,4,0.00,70.00,1,vehroute_veh644 tripinfo_veh644 routing_veh644 fcd_veh644,veh_passenger,0.94,
veh619,1556.00,768702579_0,5.10,0.00,0.16,1867.00,14045599#0_0,0.20,9.17,311.00,2857.18,64.00,7,0.00,124.79,1,vehroute_veh619 tripinfo_veh619 routing_veh619 fcd_veh619,veh_passenger,1.16,
veh562,1413.00,64055563#1_0,5.10,0.00,0.43,1869.00,52321639#2_0,2.26,8.42,456.00,3964.50,33.00,6,0.00,100.72,1,vehroute_veh562 tripinfo_veh562 routing_veh562 fcd_veh562,veh_passenger,1.02,
veh639,1607.00,4395970#0_1,5.10,0.00,0.89,1887.00,-317697974_1,26.01,10.21,280.00,2859.93,20.00,5,0.00,79.91,2,vehroute_veh639 tripinfo_veh639 routing_veh639 fcd_veh639,veh_passenger,1.13,
veh628,1579.00,440034441#1_0,5.10,0.00,0.54,1892.00,-3708681#6_0,27.28,8.03,313.00,3000.53,17.00,3,0.00,66.43,2,vehroute_veh628 tripinfo_veh628 routing_veh628 fcd_veh628,veh_passenger,0.99,
veh623,1566.00,45825602#1_0,5.10,0.00,0.10,1901.00,556290239#0_0,61.22,13.35,335.00,2399.40,58.00,7,0.00,111.50,1,vehroute_veh623 tripinfo_veh623 routing_veh623 fcd_veh623,veh_passenger,1.04,
veh649,1632.00,-13904682#2_0,5.10,0.00,0.75,1906.00,14047962#1_0,15.82,7.87,274.00,2381.89,36.00,4,0.00,82.29,1,vehroute_veh649 tripinfo_veh649 routing_veh649 fcd_veh649,veh_passenger,1.00,
veh638,1604.00,83806415_0,5.10,0.00,0.40,1940.00,4540080#1_0,32.42,9.36,336.00,2998.63,58.00,6,0.00,120.25,1,vehroute_veh638 tripinfo_veh638 routing_veh638 fcd_veh638,veh_passenger,1.18,
veh647,1627.00,-39247679#1_0,5.10,0.00,0.78,1980.00,136553370#0_0,30.65,7.61,353.00,2944.07,57.00,8,0.00,125.47,1,vehroute_veh647 tripinfo_veh647 routing_veh647 fcd_veh647,veh_passenger,0.95,
veh754,1896.00,37746962_0,5.10,0.00,0.84,1993.00,384401180_0,15.88,13.01,97.00,1074.62,2.00,1,0.00,19.38,1,vehroute_veh754 tripinfo_veh754 routing_veh754 fcd_veh754,veh_passenger,1.01,
veh645,1622.00,584286612#2_0,5.10,0.00,0.81,1996.00,-3266486_0,475.13,7.26,374.00,3251.42,41.00,5,0.00,96.33,2,vehroute_veh645 tripinfo_veh645 routing_veh645 fcd_veh645,veh_passenger,1.01,
